{"cameraMode":{"drawMode":0,"name":"Shaded","section":"Shading Mode"},"sceneLighting":true,"audioPlay":false,"sceneViewState":{"showFog":true,"showMaterialUpdate":false,"showSkybox":true,"showFlares":true,"showImageEffects":true,"showParticleSystems":true},"in2DMode":false,"pivot":{"x":175.73077392578126,"y":-390.5372314453125,"z":446.6139221191406},"rotation":{"x":-0.2386361062526703,"y":0.7046599388122559,"z":-0.2764042913913727,"w":-0.608373761177063},"size":855.3741455078125,"orthographic":false}